#comment: signals in ppt, that is 2.47e7 molecules cm⁻³. NaNs occur, whenever there where experimental issues or (especially for C2H6S (DMS)) when there was strong crosstalk between two peaks.
localtime,C2H6S,CH4SO,C2H4OS,C2H6OS,CH4O2S,C2H6O2S
2018-05-10T01:00:00,NaN,0.028386434679455376,0.08290774997651024,0.5146456329516508,0.036860792112937205,21.89777892273913
2018-05-10T01:30:00,NaN,0.014617900886834916,0.05274751671720074,0.587394679585405,0.05558793212793224,23.352710075360147
2018-05-10T02:00:00,NaN,0.03012397356224508,0.1340539840352269,0.5246784244195745,0.02602761715028517,22.577288820353367
2018-05-10T02:30:00,NaN,0.017426595517273692,0.07086477220114148,0.5276629505221085,0.03407706817089087,23.674805097458695
2018-05-10T03:00:00,NaN,0.05023663779675723,0.004845781989248507,0.4630844696176651,0.02964229838382241,22.181296302213596
2018-05-10T03:30:00,NaN,0.035605499281528744,0.013146841884152131,0.5514737321926029,0.031764898571597464,23.775726338225766
2018-05-10T04:00:00,NaN,0.01907756024248745,0.14966173563540316,0.5755292866410255,0.06799362109700911,24.4851206289457
2018-05-10T04:30:00,NaN,0.052905836184493155,0.10482279800001518,0.531945873918551,0.036197336223795944,24.200333608733864
2018-05-10T05:00:00,NaN,0.02313973797967759,0.030222401261660755,0.5867334215926681,0.0676251074602752,21.923964572965463
2018-05-10T05:30:00,NaN,0.03743806223066333,0.03945649890720748,0.4924613631402581,0.0561189459732912,20.66140464531289
2018-05-10T06:00:00,NaN,0.017685384706991266,0.023514388605574813,0.534718345013088,0.06135951865663968,20.802080820556615
2018-05-10T06:30:00,NaN,0.0074926295121207345,0.027877381171289992,0.5609022069224724,0.0698117002757743,20.681976112206513
2018-05-10T07:00:00,NaN,0.04559277908858524,0.06285902145503872,0.6204836927911175,0.03097919618647961,21.100090689183958
2018-05-10T07:30:00,NaN,0.021025997501581052,0.017389368631674382,0.4770703634401642,0.0396602881779033,20.140102062538414
2018-05-10T08:00:00,NaN,0.006218769147979592,0.13149251757499644,0.500172808900157,0.08299831873157885,20.39065839436056
2018-05-10T08:30:00,NaN,0.04870125909294009,0.12532232200720758,0.5011799317096631,0.03556319740146861,20.94143339842392
2018-05-10T09:00:00,NaN,0.026744817647148308,0.1320717334514564,0.3456279364857363,0.04810679745217331,21.93876771802679
2018-05-10T09:30:00,NaN,0.020469481812736588,0.11362485178696413,0.3784848846521903,0.06843204790941383,22.291189377328575
2018-05-10T10:00:00,NaN,0.04048962022368216,0.14676868381508806,0.376569888333944,0.07169301516585389,22.249647538576628
2018-05-10T10:30:00,NaN,-0.011502266825724581,0.14335822638521778,0.41440773780205703,0.0367314376723896,24.96127215465615
2018-05-10T11:00:00,NaN,0.028942776128608006,0.10080420631079255,0.3346837391463053,0.047098793771854636,25.44738357946179
2018-05-10T11:30:00,NaN,0.026360714374554936,0.1143625912611063,0.34586651525928314,0.11435927491466161,24.541482738544296
2018-05-10T12:00:00,NaN,0.013026345652160997,0.14929737694405207,0.3756502229609169,0.115289974900985,22.995644019517254
2018-05-10T12:30:00,NaN,0.012365260419134822,0.25892678578562267,0.45156401940355073,0.09958503300267879,22.633506796328323
2018-05-10T13:00:00,NaN,0.038048103127655455,0.18538292394854541,0.4412879722987639,0.16621575137785685,23.05313917839314
2018-05-10T13:30:00,NaN,0.04604512600049319,0.27339331347074025,0.42913820816545595,0.1358318569741607,22.812693975220444
2018-05-10T14:00:00,NaN,0.04479845776591998,0.21260809235312744,0.44637742168036443,0.1130059663496866,21.289893778682025
2018-05-10T14:30:00,NaN,0.029352593607393025,0.1899588344622874,0.4810017127558961,0.11154755189018833,23.14674369555277
2018-05-10T15:00:00,NaN,0.053543626115507684,0.27443133218683907,0.44900908038339143,0.14962197892644516,18.157037640724276
2018-05-10T15:30:00,NaN,0.038816630021029426,0.17999117010896634,0.3825812542577265,0.11908862224663871,14.387863902795718
2018-05-10T16:00:00,NaN,0.038629679541497625,0.38369056883709474,0.37771834873014026,0.09972712728061128,14.444202021131332
2018-05-10T16:30:00,NaN,0.03007750006101619,0.16995112743319216,0.29290337149326856,0.11836185047694969,13.524688801377431
2018-05-10T17:00:00,NaN,0.018210039769336217,0.16309878931683092,0.3259245123532004,0.09156518758083136,14.228932558122288
2018-05-10T17:30:00,NaN,0.03350700493644587,0.14008310139283056,0.33878140203142526,0.08990462982762384,13.234896889458946
2018-05-10T18:00:00,NaN,0.007635832464376474,0.06984342694556285,0.36095491309417715,0.06550285564849834,13.505679887010592
2018-05-10T18:30:00,NaN,0.04274222169149526,0.1943583051839134,0.26591536755203277,0.05067673255732649,9.324646715568287
2018-05-10T19:00:00,NaN,0.0387545510308633,0.14487335052593348,0.2207703809786436,0.05510004520901153,9.371133521182086
2018-05-10T19:30:00,NaN,0.0286055540197623,0.133561784025828,0.34285879219498816,0.03014009953542427,13.038464747513496
2018-05-10T20:00:00,NaN,0.04376295941853522,0.15841546178161225,0.3536185328898443,0.05470963837263253,14.690973269487994
2018-05-10T20:30:00,NaN,0.013299222699210887,0.14371227715138504,0.42716073309452535,0.0701829605365571,15.722091089759088
2018-05-10T21:00:00,NaN,0.003410512903789376,0.2062177324635343,0.4643559227046123,0.0726066286926047,15.311827797170224
2018-05-10T21:30:00,NaN,0.030022173955307152,0.2208838618527021,0.4394285984076727,0.03676918751970491,15.742393065921448
2018-05-10T22:00:00,NaN,0.03383032371819496,0.27638702389612063,0.4559322410216094,0.055869893348505784,15.333903908168619
2018-05-10T22:30:00,NaN,0.029342674959033747,0.2037395048378654,0.5446225341337619,0.04445225112825374,16.03774629448926
2018-05-10T23:00:00,NaN,0.044803475368807945,0.2972952620047998,0.7038067392268049,0.11032514327055312,19.6862344862801
2018-05-10T23:30:00,NaN,0.012821217444177222,0.2545439043990195,0.501401534806736,0.08830761850398972,14.858324292665175
2018-05-11T00:00:00,NaN,0.04378274439938016,0.23637768806580772,0.35459451628331506,0.04801789024194263,11.469624492222458
2018-05-11T00:30:00,NaN,0.03185637518889258,0.2168924509223875,0.3783716371968562,0.04489548211271947,12.066054734574903
2018-05-11T01:00:00,NaN,0.03529388833756051,0.24629564011395946,0.42507464926824007,0.04972196394114897,13.132960653811892
2018-05-11T01:30:00,NaN,0.035048501628921744,0.18803243634406747,0.36746938411465213,0.05346114781569321,11.572772438299868
2018-05-11T02:00:00,NaN,0.010106911794909091,0.15098638339982767,0.33329427951098756,0.045125654285900395,10.448148312213576
2018-05-11T02:30:00,NaN,0.016516080345441005,0.13449185866406638,0.2606020226524679,0.05451325583242806,7.808445277370169
2018-05-11T03:00:00,NaN,0.024181763683979084,0.15641317117582246,0.25606394402435523,0.02099619872367337,7.69429512413369
2018-05-11T03:30:00,NaN,0.00781975185833759,0.15431456016669812,0.23967791955211523,0.03897679021085241,7.57750958726514
2018-05-11T04:00:00,NaN,0.020716756102413414,0.17118518617537434,0.27335316281792804,0.03161393051007312,8.413017941166913
2018-05-11T04:30:00,NaN,-0.004028141012967109,0.214845973516857,0.23529149461465068,0.011527723377223475,7.476160689192107
2018-05-11T05:00:00,NaN,0.013406527307396866,0.1443823629030817,0.27253132142164604,0.008292872639991707,6.8980254025501395
2018-05-11T05:30:00,NaN,0.016226514005107974,0.11692930402865283,0.21428192935803755,0.017333755402611478,6.465300759769262
2018-05-11T06:00:00,NaN,0.004221081942233403,0.12099023522106539,0.18906082839414165,0.0084634167930314,6.485692305739556
2018-05-11T06:30:00,NaN,0.012378945964215803,0.06498712783322114,0.1778318957951312,0.01694106092537064,6.41636887048192
2018-05-11T07:00:00,NaN,0.021493731090434575,0.09800642269568687,0.18447273523793215,0.005995124081808611,6.161357786354549
2018-05-11T07:30:00,NaN,0.029729866901895673,0.13514555830591773,0.2726770922506571,0.03890793628778735,5.5611864240749185
2018-05-11T08:00:00,3.4839976424513117,0.020013341596222377,0.1708921979518199,0.35482759815612275,0.053639806207957906,7.428530205817156
2018-05-11T08:30:00,19.12784258477469,0.01634297934524493,0.30526857553418835,0.8357393401839522,0.1640715760344042,24.19249358985711
2018-05-11T09:00:00,23.202985738485268,0.04428571928820788,0.4026329699710788,0.9615800516373623,0.16937453132866268,28.769448583528888
2018-05-11T09:30:00,19.264896326081242,0.04602805651466185,0.4077966390565811,1.1227520507636706,0.17562070807551075,21.402207493581376
2018-05-11T10:00:00,12.625511076354641,0.03662584109168935,0.3738811535036452,1.0925382373885417,0.17797072454323828,17.235646937813446
2018-05-11T10:30:00,3.7967406664451557,0.018154320574144615,0.3081654444846374,0.9063090963500559,0.17713858944451177,15.68777416300622
2018-05-11T11:00:00,NaN,0.008590792790423024,0.26237993937290593,0.6846525782472225,0.16239948548469782,13.025828745649154
2018-05-11T11:30:00,NaN,0.006381076615930963,0.12184703582174623,0.5228244480176129,0.05399331503658732,9.771292154692334
2018-05-11T12:00:00,NaN,0.0035136551198880063,0.09197194079585924,0.6529422326846123,0.04613821501451885,9.534093172464425
2018-05-11T12:30:00,NaN,0.013004226972631644,0.11346583065723861,0.6984859037002936,0.07914460634635358,8.941669747869863
2018-05-11T13:00:00,NaN,0.009353663267407802,0.08483548343274641,0.5857535802503531,0.0522984771274808,7.009840262383564
2018-05-11T13:30:00,NaN,0.027328539530491178,0.11293976497785847,0.44267319870714406,0.06520379154085428,5.970156934199068
2018-05-11T14:00:00,NaN,0.020102010563592627,0.073616267109756,0.44897594826934434,0.057624219088333775,6.182925710464078
2018-05-11T14:30:00,NaN,0.016030757803135356,0.10244575833120315,0.48591512821695876,0.0667439417288358,6.124235700979139
2018-05-11T15:00:00,NaN,0.023971171571392752,0.08977577920061751,0.3703685642336003,0.055804891938646246,5.4794861253896965
2018-05-11T15:30:00,NaN,0.021577205462247652,0.14235088841989205,0.32589603752438906,0.04443358567946851,5.178805777757693
2018-05-11T16:00:00,NaN,0.01651270169040164,0.11298356414685091,0.2596296542056665,0.052376992761048555,5.289980022447838
2018-05-11T16:30:00,NaN,0.016067084238906366,0.06085570530431183,0.30659735709030417,0.05931197541998144,5.512917988272811
2018-05-11T17:00:00,NaN,0.007563324381461452,0.03632554215308962,0.28346121895260307,0.042632113607555505,5.661359459849101
2018-05-11T17:30:00,NaN,0.011448627906825425,0.027264879012489633,0.31588504774147397,0.03769049025569261,6.278617393924167
2018-05-11T18:00:00,NaN,0.008401542431229708,0.047566699943232336,0.3275163119275722,0.01907974799948923,7.2543217175611865
2018-05-11T18:30:00,NaN,0.01711366149943644,0.051239608224862426,0.3171372130248772,0.029022005391416018,7.272458255177438
2018-05-11T19:00:00,NaN,0.006277960570304652,0.049618736386871386,0.30089883821822666,0.03479022696718657,7.453971653752013
2018-05-11T19:30:00,NaN,0.004089064053976737,0.04268972109665702,0.322752968419782,0.02206002431575431,7.696506997046203
2018-05-11T20:00:00,NaN,0.011949917545444671,0.04292180355756544,0.2723695173720807,0.026342232898786993,7.429085948974248
2018-05-11T20:30:00,NaN,0.01645563586705587,0.042685261481785045,0.24891851011647115,0.032784967926802695,5.721070930840661
2018-05-11T21:00:00,NaN,0.01792290271354727,0.0813338266511427,0.31480278605350637,0.02183206604209487,7.261322301303847
2018-05-11T21:30:00,NaN,0.012562555471316628,0.03541813116355349,0.31556188623154097,0.026737790865248637,7.9792071326796625
2018-05-11T22:00:00,NaN,0.021939441386839564,0.04327722640352827,0.2903544822734244,0.01942389848002102,7.1962940738199475
2018-05-11T22:30:00,NaN,0.01601019936706869,0.062454792405953356,0.3272135881179199,0.053524218710659696,8.900947281325724
2018-05-11T23:00:00,NaN,0.012543381799755279,0.055927879791592965,0.33230356237476455,0.022001121550433968,8.536561135592839
2018-05-11T23:30:00,NaN,0.001474712388595499,0.0622415907062353,0.3475476710056142,0.006311316068641657,9.139123588276682
2018-05-12T00:00:00,NaN,0.015158092331374499,0.06496249666318396,0.3427036823453001,0.018431629467121527,10.183883854120596
2018-05-12T00:30:00,NaN,0.017394385480951867,0.06040929327083898,0.38146053786678513,0.010135340537672385,9.224711552364719
2018-05-12T01:00:00,NaN,0.017390093082340245,0.05455027672501205,0.3147315778793136,0.023418760541372135,8.249864273909825
2018-05-12T01:30:00,NaN,0.012495088722793103,0.043119118659993204,0.29420058515847747,0.02004321576119682,8.550330891902172
2018-05-12T02:00:00,NaN,0.01156474524586632,0.049988526821581274,0.30990304835528437,0.023827669590077566,8.63323020838509
2018-05-12T02:30:00,NaN,0.007007968418859073,0.052070246382311294,0.3365377007917831,0.023602978406820456,8.866957357519397
2018-05-12T03:00:00,NaN,0.022327197369036347,0.027075300779437945,0.34661281426936547,0.016688784057880667,8.957219807901971
2018-05-12T03:30:00,NaN,0.02205213368822273,0.0497912962084676,0.27218949825216887,0.010637536406540431,8.248248810759607
2018-05-12T04:00:00,NaN,0.0327112836791695,0.08957578040559953,0.33608585313867284,0.0184475063159666,10.25425584421789
2018-05-12T04:30:00,NaN,0.008806086895474454,0.1106636901459954,0.2795582799832755,0.03425586766908174,8.21411771282808
2018-05-12T05:00:00,NaN,0.011519347182054917,0.10644977701195617,0.34849077073363016,0.031037514745599442,10.43344774489594
2018-05-12T05:30:00,NaN,0.026593937069842522,0.0503288797026611,0.32293049706985255,0.01821372116214214,9.856904118167586
2018-05-12T06:00:00,NaN,0.02025058766026089,0.05705663441139381,0.36378481070113217,0.04284200438591501,9.408966903817689
2018-05-12T06:30:00,NaN,0.011415631874800884,0.06356952302220585,0.29237172304053366,0.017419600694957686,9.39592926803798
2018-05-12T07:00:00,NaN,0.013199894589623354,0.05420123355215465,0.2888776400071955,0.006485268323239646,8.704520665855947
2018-05-12T07:30:00,NaN,0.0030945390556025884,0.09510299406751063,0.2734083302485951,0.00964681891460682,9.263656123407289
2018-05-12T08:00:00,NaN,0.02346818958100333,0.08876673104189686,0.27422639975536284,0.02544427830210694,9.033806952853125
2018-05-12T08:30:00,NaN,-0.0007240739493446804,0.12397484287724723,0.261657145429135,0.08460575028660236,10.502260181846262
2018-05-12T09:00:00,NaN,0.02197098540296325,0.13015636854727203,0.5149030081517836,0.08487826568480078,14.051882177198467
2018-05-12T09:30:00,NaN,0.008760795370572129,0.028688411788712797,0.2762405128691045,0.057635832444171774,11.00696252895244
2018-05-12T10:00:00,NaN,0.021193244959410062,0.04053309675359665,0.31061385624252974,0.030483061311046396,9.678883729593565
2018-05-12T10:30:00,NaN,0.017938611784055276,0.10361439785742137,0.39392807177315403,0.06333641818601266,11.00896225265353
2018-05-12T11:00:00,0.4673089400463272,0.0107306080884625,0.12416883824940975,0.27670633098999303,0.05703965256965885,7.50888091835798
2018-05-12T11:30:00,NaN,0.010475014570017043,0.1372986820811664,0.4223111889056661,0.08635881149370278,9.82407735736422
2018-05-12T12:00:00,NaN,0.011874282595751889,0.10546477045580543,0.3816488257418465,0.05746854631369124,7.471303145761849
2018-05-12T12:30:00,NaN,0.0019181640644752732,0.07197535867274207,0.25999468261171516,0.026204253161832818,4.853924054309687
2018-05-12T13:00:00,NaN,0.03794944077267117,0.15800957255352915,0.5201780724655749,0.08607129104552255,9.038835590756406
2018-05-12T13:30:00,NaN,0.02179279765365707,0.13699214815248922,0.3923444466229598,0.057999541019244434,7.9126250323162255
2018-05-12T14:00:00,NaN,0.01750231128930836,0.13257643185059956,0.30782295042510416,0.06557797924151523,6.490878514541737
2018-05-12T14:30:00,NaN,0.029031397644178916,0.1554572993078733,0.2572450328516613,0.08054739597833066,6.3243971101116045
2018-05-12T15:00:00,NaN,0.010025944696690884,0.21124708443503792,0.3854823254635312,0.09235360023652049,8.213237590829397
2018-05-12T15:30:00,NaN,0.028477711036109923,0.155467274014027,0.36841817535161914,0.08707492429459565,8.216478003019017
2018-05-12T16:00:00,NaN,0.017397075940193605,0.11074123149517245,0.40261704464527004,0.05779468989479756,7.18536408527009
2018-05-12T16:30:00,NaN,0.017801826181318026,0.0899147639813408,0.36393043736040925,0.05370940705269091,7.817986964736295
2018-05-12T17:00:00,NaN,0.014662169693390507,0.05175186936811244,0.2938145813167913,0.047307003173308326,6.66349125582479
2018-05-12T17:30:00,NaN,0.029357834563210557,0.0666050213523539,0.3771079445909809,0.0666077617164499,8.444438598596632
2018-05-12T18:00:00,NaN,0.019408200204361046,0.0758791117061703,0.3503563334545049,0.025623527514940767,8.711916674136402
2018-05-12T18:30:00,NaN,0.015503856973371536,0.06443109293456871,0.18992200231343606,0.034139337647787545,5.1153086622021675
2018-05-12T19:00:00,NaN,0.0114711366732413,0.04957408445526401,0.26709540213219174,0.030262225211950065,5.901860475350851
2018-05-12T19:30:00,NaN,0.026406993686966966,0.05305255556096055,0.28422864363624056,0.019548491943451197,7.364909596268496
2018-05-12T20:00:00,NaN,0.01193147763764534,0.07629970323354611,0.323457568607759,0.012750897058509007,7.580785295079414
2018-05-12T20:30:00,NaN,0.019719882863988847,0.08035468101194089,0.29555059736456896,0.019937777656866173,7.407331032547952
2018-05-12T21:00:00,NaN,0.01535565370849359,0.06944689307264101,0.39479099256267763,0.05523545217047055,8.456845659352222
2018-05-12T21:30:00,NaN,0.01592712797993089,0.031742417299843756,0.3537735661872566,0.023230687973633167,8.285383148586046
2018-05-12T22:00:00,NaN,0.01554087422000882,0.029882580050872732,0.36655550834527034,0.021239426563197855,9.415649139075057
2018-05-12T22:30:00,NaN,0.03797660793541916,0.038829232613097904,0.437308807141697,0.08284274664946419,9.816414474527111
2018-05-12T23:00:00,NaN,0.08244082372935736,0.1465225836819836,0.3682937712677284,0.17662468845959217,6.734874413504644
2018-05-12T23:30:00,NaN,0.038685282234846755,0.06964201146758503,0.36793449716658794,0.05286497989295077,9.661200128240388
2018-05-13T00:00:00,NaN,0.04582161049323744,0.05929609584705696,0.33918590697208345,0.06892196069331169,9.238314164938298
2018-05-13T00:30:00,NaN,0.029602960529497502,0.06234066262384165,0.322169630275916,0.03637226144775525,10.202392282264544
2018-05-13T01:00:00,NaN,0.028542774469276475,0.026476808885986827,0.23686427105333732,0.015115665046899098,8.003741600554944
2018-05-13T01:30:00,NaN,0.04286422109905756,0.07018528198605543,0.28096119971262223,0.04456885819818728,7.519697799397295
2018-05-13T02:00:00,NaN,0.03448604946449403,0.04640672446284912,0.26596013192667656,0.03165813421504291,8.364866748046158
2018-05-13T02:30:00,NaN,0.016764021448650645,0.029632952318733332,0.2705144744492934,0.02998339770233234,8.445025054646118
2018-05-13T03:00:00,NaN,0.020631874574483858,0.053362297870325356,0.20269086881358309,0.026312270186263732,7.620965649443409
2018-05-13T03:30:00,NaN,0.00699014842009265,0.0695073115329972,0.2685587147143132,0.025771648033328452,8.461001514094816
2018-05-13T04:00:00,NaN,0.025249628741037967,0.04470037926526952,0.27890593665231844,0.016719996166767167,8.737991797317964
2018-05-13T04:30:00,NaN,0.02236031631708148,0.07651955245376058,0.2350307823109367,0.04405562608978478,8.305680334925844
2018-05-13T05:00:00,NaN,0.01786377789617642,0.054624565809784545,0.19620214887249185,0.03103149220202599,7.099531638519221
2018-05-13T05:30:00,NaN,0.027926945137105905,0.034521996197534495,0.2088537998915107,0.010877943908766027,5.96265981697245
2018-05-13T06:00:00,NaN,0.011850753513231213,0.02492654514742558,0.20264507683228086,0.016750855808515538,6.610871730682471
2018-05-13T06:30:00,NaN,0.028155861793272886,0.040770911039951854,0.22457246346939683,0.017757347545665145,6.752556011245485
2018-05-13T07:00:00,NaN,0.026668683667668752,0.040990912770126446,0.1723315550777675,0.018126388008834475,6.111491759973838
2018-05-13T07:30:00,NaN,0.02143654421908459,0.04303230884760727,0.16053046758555303,0.01927172120370158,5.988772498412658
2018-05-13T08:00:00,NaN,0.02295532180795293,0.05508439250988377,0.168249196328519,0.029496006815589254,5.987142297579856
2018-05-13T08:30:00,NaN,0.016740224694182584,0.03753184407361176,0.13682254028289006,0.02838520288144493,5.798238574141807
2018-05-13T09:00:00,0.03977043073788809,0.0231316499755933,0.041583842160798565,0.13255352864995484,0.0323465071265094,7.124721456482602
2018-05-13T09:30:00,NaN,0.019131257559219305,0.01749386072516234,0.1319794053081767,0.017951396504984826,6.859099054042883
2018-05-13T10:00:00,NaN,0.014806110270233316,0.011966766644778314,0.17588390481489427,0.012522822877937373,9.135609313543945
2018-05-13T10:30:00,NaN,0.013785357441135517,0.039246453625433324,0.22148910692394252,0.04342326950170096,10.733746786376912
2018-05-13T11:00:00,NaN,0.04789766456118612,0.11508510221977834,0.3562887840418504,0.06517275126179999,13.660911009022442
2018-05-13T11:30:00,NaN,0.017430223563853944,0.09289602862260675,0.3469073673700113,0.08271337759483757,12.73351161653743
2018-05-13T12:00:00,NaN,0.007870832631451951,0.08198051446777686,0.23470077862883987,0.04427103707042766,8.720347662060158
2018-05-13T12:30:00,NaN,0.023309338053498246,0.07385532165635066,0.21019726550575582,0.04415673503508902,7.825209307981999
2018-05-13T13:00:00,NaN,0.01250506002469031,0.09678122792731116,0.21434720529859602,0.040649684222330874,7.7119379229535125
2018-05-13T13:30:00,NaN,0.01634462930685789,0.07622488195676486,0.20858385208713906,0.041107471480471953,7.4405413505113405
2018-05-13T14:00:00,NaN,0.01265269760852154,0.1057021318114336,0.24412538221164673,0.04426820224978044,8.118874846940615
2018-05-13T14:30:00,NaN,0.02830400509296013,0.11396438894069329,0.22674134061163628,0.04761748301581682,7.613286472679205
2018-05-13T15:00:00,NaN,0.02231124706191333,0.0979710171945443,0.18432016954662023,0.04664620211842185,6.587077656240046
2018-05-13T15:30:00,0.05073537609178398,0.023373863425211062,0.08710174855875054,0.1664699350501969,0.04363797776868134,5.493905895782966
2018-05-13T16:00:00,NaN,0.012237222918547933,0.09545779801410686,0.1878996337109041,0.04258333894868586,5.935922051980636
2018-05-13T16:30:00,0.0385837664975357,0.010539946988382946,0.04350232735104917,0.17298311913323966,0.045137557187443986,7.140893505920014
2018-05-13T17:00:00,NaN,0.025410790281161545,0.04393764579586295,0.1917375316876084,0.025410227943979586,7.405736813528579
2018-05-13T17:30:00,NaN,0.011368019242066077,0.03307662614622617,0.18787233864647737,0.028312851857780822,8.063216542266654
2018-05-13T18:00:00,NaN,0.011153491341724504,0.017630464477091663,0.21682941039377387,0.019071776909751658,8.007464655504386
2018-05-13T18:30:00,NaN,-0.000827222585071593,0.02072569470989134,0.20871873791723553,0.027069795618011153,8.862390220113692
2018-05-13T19:00:00,NaN,0.019831590606778658,0.013292601439803675,0.16520405713442002,0.024207101403520993,8.13031201827807
2018-05-13T19:30:00,NaN,0.004262287569306599,0.018704032276431318,0.17465550965651905,0.023485464012551884,8.983633537882342
2018-05-13T20:00:00,NaN,0.004151455435841643,0.015347839296630899,0.17033976816576307,0.022916381450231955,8.815579533480502
2018-05-13T20:30:00,NaN,0.02163030365828979,0.026392065233099834,0.15818280834669596,0.027245693744456855,8.391711721208173
2018-05-13T21:00:00,NaN,0.00970882011520392,0.008065053235795294,0.12554628975718882,0.030693984249563686,8.706068602496112
2018-05-13T21:30:00,NaN,0.014010785121977008,0.022884570515067485,0.16044983263569254,0.03062201193682312,9.388928477033856
2018-05-13T22:00:00,NaN,0.010840039774034976,0.027224618265475498,0.19793391742958652,0.029517329043299498,8.979483300376225
2018-05-13T22:30:00,NaN,0.011128814005803726,0.047336063768139515,0.14107289817790217,0.01636638098667345,9.152050340922383
2018-05-13T23:00:00,NaN,0.0288225429882596,0.029725022222673963,0.16627740379237815,0.028609363134269202,8.74319304193685
2018-05-13T23:30:00,NaN,0.006325212713061997,0.0517052749770145,0.16833837092464551,0.01923664141842807,8.93352014484005
2018-05-14T00:00:00,NaN,0.02149436528559257,0.07486777629560652,0.28148432593436573,0.03388733525599649,12.316573608123822
2018-05-14T00:30:00,NaN,0.01978896263075071,0.11006221078899174,0.30410912421868525,0.03951415431737077,14.729656500764454
2018-05-14T01:00:00,NaN,0.006344218860270909,0.08174151758726848,0.2659167639647615,0.026921476234483762,13.251398082930752
2018-05-14T01:30:00,NaN,0.01012735156108026,0.11818246098345003,0.22988242371466425,0.011732685631494764,10.458859316925276
2018-05-14T02:00:00,NaN,0.015687542029567385,0.0371859057166334,0.16109435295478988,0.033510825785466804,9.171807322190938
2018-05-14T02:30:00,NaN,0.01640143351548747,0.0431754212002879,0.15274379235698574,0.024320967800803634,7.182844478650718
2018-05-14T03:00:00,NaN,0.0050582742421405045,0.04739225640156639,0.1467986455971675,0.02477037604262021,7.355949261241479
2018-05-14T03:30:00,NaN,0.014288802160235922,0.027331923096200743,0.12459335983562062,0.013586242059018604,7.6586397027255675
2018-05-14T04:00:00,NaN,0.01273190615314801,0.0007668252236568748,0.1353037042288656,0.020738332740109954,7.702043522200841
2018-05-14T04:30:00,NaN,0.00919522680322259,0.05561634044162152,0.14368015374330087,0.010191760466864788,8.436997295406691
2018-05-14T05:00:00,NaN,0.0018745906869464728,0.031391554747186426,0.18557486638455226,0.012180387979850224,8.88879400589067
2018-05-14T05:30:00,NaN,0.01659069855241862,0.06371580264434615,0.14950351504691303,0.007510195422702367,9.286477859164227
2018-05-14T06:00:00,NaN,0.019981693342774946,0.05631860724130451,0.16804541238265708,0.0051535532276360384,9.427695517248303
2018-05-14T06:30:00,NaN,0.020050110401622665,0.11473724993193621,0.18870730847193626,0.03664122533707043,9.920753326191196
2018-05-14T07:00:00,NaN,0.011850572869282438,0.13208876256565016,0.19430974954716868,0.023729729744187553,10.460552939304268
2018-05-14T07:30:00,NaN,0.03839853203969089,0.18065717337508275,0.27162098606454504,0.024862224681447054,12.838737268544511
2018-05-14T08:00:00,NaN,0.010293660270669514,0.08380699026727405,0.21182987201019868,0.026378998070792577,9.251302678110415
2018-05-14T08:30:00,NaN,0.01597431891205474,0.03128147328859758,0.17401210057024624,0.019921379874712448,8.64906714029439
2018-05-14T09:00:00,NaN,0.014115146418661056,0.03586646563904869,0.12247338919719866,0.038588344637690876,8.547762999853878
2018-05-14T09:30:00,0.028263594570405618,0.0033277438749377873,0.020966792935296814,0.10790871707695164,0.02997610208185845,6.461383448461274
2018-05-14T10:00:00,0.1528621093624003,0.024269533502962556,0.019538996792154508,0.10730360196040303,0.023800017118395096,6.685817763113985
2018-05-14T10:30:00,0.2854642366720891,0.008566403882846458,0.002349302543009504,0.11588460978015236,0.04914855760473077,7.9816316930085005
2018-05-14T11:00:00,0.14972904319066055,0.016322109948643138,0.11051806075339497,0.2023453412600637,0.06540392503091967,11.694925345888844
2018-05-14T11:30:00,0.026596317192867636,0.04309477911924991,0.11319557688417661,0.17829902750512655,0.059918503160817115,12.906426168619038
2018-05-14T12:00:00,0.09986887839888954,0.013917279369678966,0.08731211497315662,0.12384935074686869,0.04383366983167953,11.410348854112852
2018-05-14T12:30:00,0.179014728136156,0.023767417402103124,0.1902756902303681,0.19585829707246158,0.06486812359987476,11.379750200627369
2018-05-14T13:00:00,0.5265641350106108,0.01702740227753055,0.10470134993419512,0.1582248331757833,0.07146426726082837,10.012029872698067
2018-05-14T13:30:00,0.2977204463078046,0.022423096600137728,0.08718719255053092,0.14327172225135462,0.07007129864956341,9.19245978854395
2018-05-14T14:00:00,0.6780622947540659,0.025843327353584758,0.14684037817756684,0.2443795719338523,0.05162966276790553,10.74641745584852
2018-05-14T14:30:00,0.7158982191617239,0.014826559713942295,0.12511894645673588,0.22387727831427617,0.05846126850405373,9.379701795853489
2018-05-14T15:00:00,0.6845581837926813,0.02906989481833342,0.10523522688306583,0.1678993702383785,0.06049907648068366,8.034182300492139
2018-05-14T15:30:00,1.0932217823010233,0.002441816086729813,0.10017266989303286,0.1603512846683028,0.03045379589783975,6.546814384493246
2018-05-14T16:00:00,0.850114223316658,0.009122965011579427,0.10328655414098555,0.14094709674126818,0.01775114513638022,4.827925259261729
2018-05-14T16:30:00,0.11537090955824778,0.0360715210900081,0.18541792545154057,0.3042056770641716,0.04158639180381494,9.335073654560198
2018-05-14T17:00:00,0.3548219673256315,0.019004150699284097,0.18078305025957397,0.3437741860591681,0.06362935466648507,10.197463188787783
2018-05-14T17:30:00,0.21299124731706182,0.02492650607508027,0.10259053104142599,0.3573027720360463,0.05833985080690913,9.58526982012552
2018-05-14T18:00:00,0.3680958363951697,0.028226533037043946,0.12338794709655307,0.2994304111455819,0.06346546188204938,8.675303438870799
2018-05-14T18:30:00,0.20074034077659053,0.03150216763638101,0.08406471025997557,0.24832975831593765,0.050407552760934914,7.960521304236606
2018-05-14T19:00:00,0.23321828330885874,0.029565790073246813,0.08926709812073569,0.1664119607631935,0.028895019425454836,6.9746018838759944
2018-05-14T19:30:00,0.02395350122475005,0.01618940523884069,0.06723609906445834,0.1472982714621037,0.029491794006536416,5.970230477584578
2018-05-14T20:00:00,0.1258516192978023,0.020649740033113605,0.0640893153370997,0.1530473772432684,0.018242696364462966,5.717048680072798
2018-05-14T20:30:00,0.166428056608557,0.025468167353002596,0.08460907677580629,0.16900238470820425,0.028762107456107168,6.2373565211191355
2018-05-14T21:00:00,0.26861667559358665,0.022415639866814233,0.03814023142829266,0.20020772866347583,0.02954595417228178,8.197690514545954
2018-05-14T21:30:00,0.11555720224354785,0.020597931810926024,0.044279197852732675,0.1252461108618555,0.020420526019796208,5.323835822352944
2018-05-14T22:00:00,0.2828438331264766,0.015860685494072557,0.003811549170537046,0.0928795723481535,0.021549411083105353,4.033963337514964
2018-05-14T22:30:00,0.37827500761549737,0.01481971651376452,0.02631687419150483,0.09399700863501034,0.018212304498441,4.085690194518436
2018-05-14T23:00:00,0.23972722557621923,0.012017248390194418,0.04951007899157136,0.10387115267650728,0.03312772486998219,5.034411522305098
2018-05-14T23:30:00,0.009158146034464222,0.03152078886303079,0.10037909694263446,0.13883232569341222,0.029102570217318713,5.621833705271964
2018-05-15T00:00:00,0.21361075172490937,0.017629067603994224,0.019966978024202418,0.14290164766316735,0.01770686134138217,5.116410445941122
2018-05-15T00:30:00,0.19361713957274634,0.0259533076231888,0.07584616577582927,0.15206257099548295,0.025753166172382887,4.682782390784005
2018-05-15T01:00:00,0.1481410719397594,0.010730605376236612,0.0725338768677965,0.14701666995031087,0.020926383342620543,4.8806546579455485
2018-05-15T01:30:00,0.15426572996856902,0.02153756918310755,0.08312431958516349,0.11256182213844107,0.010729984947089481,3.599811923850464
2018-05-15T02:00:00,0.04939636872269955,0.0054861140734547625,0.03539520571651434,0.08683264619680148,0.014590396841395679,3.015262690991753
2018-05-15T02:30:00,0.05887995779389427,0.016648461314005342,0.031793470567741164,0.09443060037041909,0.016483949005606204,3.141474620639777
2018-05-15T03:00:00,0.0966194323116546,0.018161916104148506,0.029927951210447022,0.0956348894060979,0.01511258773346055,3.237500743143021
2018-05-15T03:30:00,0.0811130193766055,0.011303040936852074,0.030996491330734753,0.12488676044888505,0.02120373769887733,3.4115767576930476
2018-05-15T04:00:00,0.07524375506287895,0.046047363521100976,0.0706993426228226,0.20070931752094306,0.03518982790936079,5.13382866313014
2018-05-15T04:30:00,0.05330571498910989,0.03437182329016402,0.0664419592773677,0.1750916699857132,0.04542074204401262,4.4887004444509655
2018-05-15T05:00:00,NaN,0.03721133656210561,0.05376682993345586,0.15591354086368273,0.021652410510266767,3.877770776435691
2018-05-15T05:30:00,NaN,0.0408278638895124,0.038318350229562204,0.140994389236321,0.0292298098980065,3.8961292134878804
2018-05-15T06:00:00,NaN,0.028703314750135465,0.11405273558393136,0.15845747644002828,0.023422643159667127,3.72722621378556
2018-05-15T06:30:00,NaN,0.02512519030208436,0.06486782931911302,0.07529802230471982,0.01353020407805711,2.262211017680697
2018-05-15T07:00:00,NaN,0.008023927723961525,0.07148514690736738,0.12357018914217693,0.02629315620754034,2.611840824527917
2018-05-15T07:30:00,NaN,0.03517306864906927,0.05157307533940596,0.16559565300159482,0.03518030816110194,3.477958256596593
2018-05-15T08:00:00,NaN,0.04051391239424834,0.08488143151177602,0.1446591775787592,0.03546249567450896,3.8925221559204797
2018-05-15T08:30:00,NaN,0.033353248350836494,0.05652657259925843,0.1633656181221308,0.034769155353117996,3.8089039707728864
2018-05-15T09:00:00,0.08174231671523498,0.0344562398052824,0.09718096934689305,0.15092931872348853,0.03524930595874586,4.432681671627706
2018-05-15T09:30:00,0.1515019540005332,0.03949291726677076,0.0181004293561262,0.17875224696571324,0.0339626640096483,4.373749575564767
2018-05-15T10:00:00,NaN,0.03130384490551242,0.06260664672042264,0.1547384767040509,0.03162081159510526,4.4120076376013575
2018-05-15T10:30:00,0.16808349771573022,0.02367899041350385,0.0960641275777188,0.1545791608825282,0.021867172702916198,5.197417880309821
2018-05-15T11:00:00,0.21717789312020505,0.02939694968068419,0.061892038335219085,0.17932179949660976,0.034506616368683976,6.221744521614747
2018-05-15T11:30:00,0.2728151363576641,0.0251035653002138,0.10107148146952273,0.22744597966396296,0.03744263754014306,6.258602999957713
2018-05-15T12:00:00,0.1782660733192373,0.058271429392165494,0.09806190624511131,0.22852117038613282,0.03452390980727735,7.6731800823430945
2018-05-15T12:30:00,0.12220742642342512,0.017872643989737796,0.11028917263943347,0.21347648264329533,0.03258945263983409,7.6556039445225625
2018-05-15T13:00:00,NaN,0.027583938526763208,0.09700588714975623,0.2488461793380541,0.07330015750629845,6.919866842896319
2018-05-15T13:30:00,0.07464617535337667,0.026278510396959814,0.1146325473157298,0.2147680766483661,0.041256843819381314,6.376184806028683
2018-05-15T14:00:00,NaN,0.02320124093229159,0.10686789188005955,0.2194031884031873,0.050656881585122895,6.433771853305845
2018-05-15T14:30:00,0.05843679252778814,0.035762690913707394,0.18478911527287112,0.26384797499319534,0.03223901106957989,6.020546347128935
2018-05-15T15:00:00,0.1396604313690024,0.024381845160571163,0.2595880217600192,0.24702543216403616,0.046038550395667566,6.215795544491608
2018-05-15T15:30:00,0.13138351972566895,0.025509096113157385,0.2472088518262082,0.2890377780247658,0.07641185047177382,6.2083378527131945
2018-05-15T16:00:00,0.23080845913081086,0.033725519962969866,0.1790022844669479,0.21281186799656743,0.061695416793374716,6.050195159702622
2018-05-15T16:30:00,0.39739641872735193,0.03475657349988858,0.18419593271022133,0.2776439439350635,0.048159661644739095,6.1297926412011625
2018-05-15T17:00:00,0.4327215760760158,0.03813400336858296,0.18260222828008885,0.2790801247406956,0.07350866897313016,6.53890420648094
2018-05-15T17:30:00,0.7947728823283111,0.0162115820772934,0.11458751814379357,0.32296299251659466,0.047267273683536254,7.57137669457378
2018-05-15T18:00:00,0.6181718256146765,0.0295807727977076,0.13311920537850636,0.3115598344598138,0.049306334380637695,7.623161915117125
2018-05-15T18:30:00,0.4877643644086899,0.027829372207153803,0.12195721010261276,0.25938071237634064,0.04761275331072658,7.077871984066472
2018-05-15T19:00:00,0.242308524265208,0.014456151623674612,0.07666792826348304,0.2994325616002345,0.037443073739797446,7.888574715398096
2018-05-15T19:30:00,1.0283542947642608,0.010194471643197455,0.08660455851345104,0.28641279363665456,0.04933732932591036,7.615587113086383
2018-05-15T20:00:00,0.656341149625636,0.026526530380291843,0.0794047152249783,0.2933005838634359,0.045110191061782746,7.783619383953652
2018-05-15T20:30:00,0.5812822931174498,0.010615581133097038,0.09353563558786732,0.28094381721192146,0.030741968818110022,7.7760404231831535
2018-05-15T21:00:00,0.46108815992301055,0.019651215414146526,0.06425112903629128,0.24529144799393313,0.0391067906801297,6.887191394317845
2018-05-15T21:30:00,0.6130997277053346,0.010200016829935866,0.049461021043258606,0.23996274720342123,0.03496298811335345,6.613171339154062
2018-05-15T22:00:00,0.2778623366583288,0.02682023972631347,0.08989514025152158,0.21969948685057827,0.025310205558738606,6.426768219834113
2018-05-15T22:30:00,0.3187589322906915,0.020328761385486487,0.07894280139738889,0.23612112636941995,0.029509383097375063,6.2598192700125335
2018-05-15T23:00:00,0.22547068592297817,0.035595524583255565,0.05648980354201384,0.20756879971187034,0.04994433424265715,5.814070843257477
2018-05-15T23:30:00,NaN,0.013835635149152125,0.07726234564619469,0.24089182391395136,0.022549259671781483,6.17854511092745
2018-05-16T00:00:00,NaN,0.008080638100166548,0.03158137732299871,0.21034758964141606,0.030705445881254796,6.103131688601699
2018-05-16T00:30:00,NaN,0.017831603420490984,0.06843060715834362,0.21546316919691705,0.02686868593744912,6.288111770569562
2018-05-16T01:00:00,NaN,0.02429572664801519,0.027789228067596275,0.22949500693817135,0.009218482403753508,6.4583835907210565
2018-05-16T01:30:00,NaN,0.01752619019089845,0.03716380913879731,0.1912711419798153,0.03609522148528741,5.918798707544271
2018-05-16T02:00:00,0.00933635989322859,0.016086131854440064,0.07848861379709018,0.15981300064533355,0.02655002067544956,5.4137906781312
2018-05-16T02:30:00,0.024186590453664995,0.016623886966988306,0.07628121253862584,0.15544108308874968,0.026849913220444287,4.844724819512582
2018-05-16T03:00:00,NaN,0.017877750251799097,0.0642931264880285,0.15734448330740475,0.01801345275418604,4.470073407518222
2018-05-16T03:30:00,0.007118975885075202,0.021220090629938054,0.054410002734664516,0.16087708541057832,0.024367187666334812,4.517332918490238
2018-05-16T04:00:00,0.0035963693010379718,0.00883968491415753,0.047178601664970066,0.16028964325824305,0.024077534369007576,4.179475860546561
2018-05-16T04:30:00,0.00774117030186413,0.02244242624536579,0.07059986634368254,0.12511692953965495,0.01950348036367497,3.8511166505456518
2018-05-16T05:00:00,NaN,0.01657577301154958,0.06762602360503261,0.17949731373347308,0.015940256272957507,4.046873667784877
2018-05-16T05:30:00,NaN,0.016102828309420395,0.048082641771637256,0.13301155907694284,0.017526392664486707,3.31142150248795
2018-05-16T06:00:00,NaN,0.02753350340506184,0.04245419036503623,0.11998880980517677,0.025061612678594934,3.2160815030202055
2018-05-16T06:30:00,NaN,0.01584303270775103,0.04218424965216787,0.1324719765947475,0.019994494809594247,3.044645086000257
2018-05-16T07:00:00,NaN,0.021617037245272835,0.051464486069426045,0.15315481210548232,0.02318446128032646,3.288109952651716
2018-05-16T07:30:00,NaN,0.018745640038356826,0.06895660900285842,0.14618755675388512,0.02200650627150842,3.0169989800208485
2018-05-16T08:00:00,0.03612139188250882,0.015556760577055382,0.06460666281713498,0.16909313896322695,0.028077343903208325,3.3038583254181955
2018-05-16T08:30:00,0.019217700676606022,0.021021215319962254,0.07175731574028793,0.1472025340542629,0.02301783638255223,3.2870533110441125
2018-05-16T09:00:00,0.03578793560623763,0.01286908934229395,0.04345865096310599,0.13483883230362273,0.04080409866796187,3.2911221108325797
2018-05-16T09:30:00,0.044860088181200374,0.026814527105656173,0.05442882642609688,0.12727392252370287,0.03849141919562932,2.997990322253362
2018-05-16T10:00:00,0.09567165088492932,0.08009492157463147,0.012331629954986293,0.16834595677487457,0.03986607158519428,5.004724898090148
2018-05-16T10:30:00,0.06376485474313794,0.2875778426266673,0.06319135289494301,0.34971040792638924,0.05903943727229028,7.615582824124421
2018-05-16T11:00:00,0.11181944661893133,0.18066409534387193,0.12780713984188047,0.33133928395728524,0.055995013061009125,8.116959302402636
2018-05-16T11:30:00,NaN,0.09455683232831959,0.10464704016855829,0.4845207664420044,0.06734249658593734,11.525255693205679
2018-05-16T12:00:00,0.5283864581230172,0.03533185805417237,0.11425014207277541,0.37030138864744666,0.029520146501934626,8.587318299826704
2018-05-16T12:30:00,0.6664636076749215,0.02856781842187596,0.0807300284328739,0.22408454892771618,0.05063920931522983,6.954424533606021
2018-05-16T13:00:00,0.7579870621792959,0.02463808992537896,0.11042960698683271,0.21809668048755654,0.04048222671243789,5.720931686544729
2018-05-16T13:30:00,0.5996447595580923,0.01596360634349494,0.1048175652376763,0.2051380174904819,0.0360571135247879,5.258827305581463
2018-05-16T14:00:00,0.12789430296518356,0.012766505193613433,0.070937251394716,0.1004070088490358,0.03317426620358223,2.5599833387220703
2018-05-16T14:30:00,0.128032625388267,0.0035978703761440673,0.039834647778984746,0.06923424279582213,0.014113650797582115,1.5005330232350904
2018-05-16T15:00:00,NaN,0.005071293933109361,0.08287842880798998,0.09147346791373229,0.02558187297029331,1.9758966418719568
2018-05-16T15:30:00,0.11800684628560927,0.011017678021407554,0.09103645783112574,0.11808685929709757,0.027689333368282835,2.1440838937631757
2018-05-16T16:00:00,0.7182033168853371,0.020168225798702637,0.23442404817866289,0.3333275870362182,0.07500159688567244,4.811702218174615
2018-05-16T16:30:00,1.0871087279713052,0.01860826415456652,0.2493719209027373,0.3352042650655919,0.05615033423828318,5.057294116800909
2018-05-16T17:00:00,0.581251282715346,0.011489219803635037,0.2542191794070048,0.3544665531959727,0.05655133169021524,5.060905166990306
2018-05-16T17:30:00,0.12704808933433373,0.018954520041658703,0.21174815108586412,0.3487136615758363,0.0574980747728012,5.376879286584017
2018-05-16T18:00:00,0.1065575464978366,0.01856643662228917,0.14789878219112496,0.3337772864849678,0.061148451200305785,5.250534815410587
2018-05-16T18:30:00,0.028816201113276638,0.015745897095533534,0.09955044226261218,0.2742047046394324,0.038407530061164236,5.525023137082463
2018-05-16T19:00:00,NaN,0.010814525052867435,0.08547020636609146,0.2924793223843731,0.04609144274080612,5.960222944686749
2018-05-16T19:30:00,NaN,0.013530706999027598,0.10064010113659777,0.3192693926893372,0.03357631190069453,7.584963693798607
2018-05-16T20:00:00,NaN,0.008166963925315178,0.10355755617154205,0.27142117689499484,0.026877830150392114,7.571368959013735
2018-05-16T20:30:00,NaN,0.02298359514229873,0.1145711266771149,0.2767810378633739,0.03729952703288547,7.142093109722496
2018-05-16T21:00:00,NaN,0.01142716728089315,0.0654912778109599,0.2827410158960718,0.03118102359237049,6.97428482893149
2018-05-16T21:30:00,NaN,0.018890566456533062,0.11603354478892142,0.28664568454440265,0.05126513491734365,7.632278462480161
2018-05-16T22:00:00,NaN,0.02151743067721799,0.1156389046618045,0.30542171538015433,0.036239941826678536,6.964897089923684
2018-05-16T22:30:00,NaN,0.0144835566726119,0.0944983794477707,0.26720975219048415,0.036932854603619385,6.115742446371662
2018-05-16T23:00:00,0.019774952412870868,0.027770378350952613,0.09219090044446145,0.25689323688719706,0.03492314620195874,5.708079307438582
2018-05-16T23:30:00,NaN,0.024400229966469386,0.1248360228681482,0.27150885108316597,0.02742346830317928,5.245281272002856
2018-05-17T00:00:00,0.037172394374837096,0.02285449781717848,0.09253663613590436,0.26557108826680975,0.03181284635758869,5.187599637553255
2018-05-17T00:30:00,NaN,0.027531171828211236,0.12505845346539787,0.22298792563699027,0.03081558750417205,5.117789985651317
2018-05-17T01:00:00,NaN,0.0185367486995494,0.08723953960850032,0.19788308253912343,0.019952865879285114,5.148384442688858
2018-05-17T01:30:00,NaN,0.025839214408713194,0.1219469568266807,0.23500122782090097,0.016026303287730803,4.996121886480556
2018-05-17T02:00:00,NaN,0.011329033375646938,0.10679103255703487,0.23710539995318264,0.031282973940781306,5.061432781583542
2018-05-17T02:30:00,NaN,0.017661773303605275,0.08888952562503437,0.22935691705147812,0.028780946395216233,4.783993413836159
2018-05-17T03:00:00,NaN,NaN,NaN,NaN,NaN,NaN
2018-05-17T03:30:00,NaN,NaN,NaN,NaN,NaN,NaN
2018-05-17T04:00:00,NaN,NaN,NaN,NaN,NaN,NaN
2018-05-17T04:30:00,NaN,NaN,NaN,NaN,NaN,NaN
2018-05-17T05:00:00,NaN,NaN,NaN,NaN,NaN,NaN
2018-05-17T05:30:00,NaN,NaN,NaN,NaN,NaN,NaN
2018-05-17T06:00:00,NaN,NaN,NaN,NaN,NaN,NaN
2018-05-17T06:30:00,NaN,NaN,NaN,NaN,NaN,NaN
2018-05-17T07:00:00,NaN,NaN,NaN,NaN,NaN,NaN
2018-05-17T07:30:00,NaN,NaN,NaN,NaN,NaN,NaN
2018-05-17T08:00:00,NaN,NaN,NaN,NaN,NaN,NaN
2018-05-17T08:30:00,NaN,NaN,NaN,NaN,NaN,NaN
2018-05-17T09:00:00,NaN,NaN,NaN,NaN,NaN,NaN
2018-05-17T09:30:00,NaN,NaN,NaN,NaN,NaN,NaN
2018-05-17T10:00:00,NaN,NaN,NaN,NaN,NaN,NaN
2018-05-17T10:30:00,NaN,NaN,NaN,NaN,NaN,NaN
2018-05-17T11:00:00,NaN,NaN,NaN,NaN,NaN,NaN
2018-05-17T11:30:00,NaN,0.01196427906741318,0.09298980557342207,0.1323094916438451,0.02072297205962416,5.655075511713762
2018-05-17T12:00:00,NaN,0.014667397531501737,0.11637389144463338,0.12898867283949506,0.034794624577125656,6.774848108458857
2018-05-17T12:30:00,NaN,0.014761942715270884,0.13860945999324406,0.1387423574433559,0.02786344389253121,5.153997316945819
2018-05-17T13:00:00,0.00136984801780607,0.015275214479275996,0.16924273641208737,0.13240309490487745,0.03186014440088825,3.835977761125103
2018-05-17T13:30:00,0.04586611981199642,0.02091796393678399,0.17503733415465636,0.1245217500365658,0.04324101119689709,3.6242334312344706
2018-05-17T14:00:00,0.09983803044326471,0.014268075862748704,0.1643245210737619,0.15410701278189962,0.052397597541151114,3.5051368977443347
2018-05-17T14:30:00,0.08637048155389507,0.014616898573659269,0.10537242980364542,0.17186485099260632,0.04364917230882925,3.898492708525732
2018-05-17T15:00:00,0.008565644640831403,0.0051759395057096825,0.13792900262851354,0.195138136887765,0.0626912249106797,4.273125775486696
2018-05-17T15:30:00,0.06672663423303477,0.015616296360102215,0.16418846191415673,0.16926055510198412,0.0388193757486653,4.515707692775812
2018-05-17T16:00:00,NaN,0.013543688925488179,0.1484389929570845,0.23356285582649425,0.03557219114713412,4.5445233099587705
2018-05-17T16:30:00,NaN,0.018161443846611915,0.20577574035946952,0.23896669612428692,0.0589405472744223,4.560341974791337
2018-05-17T17:00:00,NaN,0.013948765179040245,0.17191300275001034,0.2353408275093791,0.06471913693337632,4.736231862247941
2018-05-17T17:30:00,NaN,0.007653542235305466,0.1544363830094611,0.2636390520345582,0.0583376371245147,5.077967543286478
2018-05-17T18:00:00,NaN,0.01151416359969302,0.12142892008201762,0.29435851720787654,0.042750387674676385,5.091815966997469
2018-05-17T18:30:00,NaN,0.010520952409464667,0.05751084379525283,0.21072579253519652,0.028089741601064085,4.804361947385523
2018-05-17T19:00:00,NaN,0.015263694240668667,0.05693510263836872,0.22109618249505328,0.04124934216382796,5.543618450704852
2018-05-17T19:30:00,NaN,0.013160414696759791,0.0649397546154664,0.2630847056815029,0.019221215495560853,6.2532459800607505
2018-05-17T20:00:00,NaN,0.018353388760063975,0.07794058469664007,0.2780266870704216,0.018231724252312297,6.5191218515856715
2018-05-17T20:30:00,NaN,0.013332435145542056,0.11341405513745391,0.21025352745259437,0.015653791485019407,5.155756912754283
2018-05-17T21:00:00,NaN,0.015866023712603407,0.15426516949667488,0.20388712123167477,0.04061872123235995,4.265697986754546
2018-05-17T21:30:00,0.009984498561321008,0.03524607127573295,0.12437899271509059,0.20713015552352604,0.03371770236281499,4.524237607295532
2018-05-17T22:00:00,NaN,0.011590453488729238,0.09335906134322368,0.2539004231097293,0.026315585790048536,6.586718301741425
2018-05-17T22:30:00,NaN,0.009831949605047508,0.12224875964433865,0.27706564303793113,0.04811101169555906,7.68305497219438
2018-05-17T23:00:00,NaN,0.015083679044594522,0.05958937614899623,0.37501711075709027,0.03842344337262521,8.138139048520193
2018-05-17T23:30:00,NaN,0.018862891793136036,0.07000695007792963,0.3206839766421003,0.03019537318913812,8.09910955001886
2018-05-18T00:00:00,NaN,0.019543235822386578,0.057379466582374354,0.29450489763692517,0.03397184733240517,9.042271768134867
2018-05-18T00:30:00,NaN,0.020801064229833317,0.04733997415212454,0.23003291046239854,0.03238167963857876,6.562198182377372
2018-05-18T01:00:00,NaN,0.020497805542840232,0.049709052217052525,0.25010949566505597,0.03062713705477948,6.606639537431965
2018-05-18T01:30:00,NaN,0.01325036857754776,0.06643574930113887,0.23424715231359683,0.017327187475991997,7.351415264680859
2018-05-18T02:00:00,NaN,0.01096364666005513,0.07958901383826517,0.2633877424921434,0.020666415012003326,6.374640594528768
2018-05-18T02:30:00,NaN,0.01723332604126696,0.05442498569940962,0.2677751103535021,0.01835690466501743,7.624356246195719
2018-05-18T03:00:00,NaN,0.017605856036670156,0.028501009994697214,0.28453337748631913,0.005915832069200154,9.044762010254692
2018-05-18T03:30:00,NaN,0.013016120251638034,0.05686569982095068,0.2403465943133267,0.021032606785117633,8.08910381838826
2018-05-18T04:00:00,NaN,0.008983517949670304,0.05114371954300012,0.24620298008538652,0.022639210677177,7.3262281938147
2018-05-18T04:30:00,NaN,0.016636929203406287,0.05135130682429218,0.2312724133160206,0.016679967680622857,6.598258631486094
2018-05-18T05:00:00,NaN,0.015684107775466923,0.053463813451707407,0.23467830339393408,0.014376340769064817,4.638955845924966
2018-05-18T05:30:00,NaN,0.014004313671407871,0.09858335203248121,0.16413899581615732,0.020780186527326428,3.004911879559709
2018-05-18T06:00:00,NaN,0.016826562692107423,0.10461845145665374,0.18644962245130722,0.024833964741855563,3.0655077165303024
2018-05-18T06:30:00,NaN,0.013194560903301752,0.07221418733726229,0.18329707563550832,0.02322988078384443,3.101678112254378
2018-05-18T07:00:00,NaN,0.024373979723204927,0.14763172493896987,0.18880676854690026,0.024920824200026635,2.9694798793601382
2018-05-18T07:30:00,NaN,0.025548711733917925,0.12896014872943282,0.2065628993224725,0.02458801955845862,2.8623050059992576
2018-05-18T08:00:00,NaN,0.024163256571408498,0.15334437616178148,0.18895353590855668,0.03178177376994433,2.998442955139056
2018-05-18T08:30:00,NaN,0.02642346169249208,0.09914465563883625,0.17069769828433307,0.028188387614413567,2.797796324065378
2018-05-18T09:00:00,0.11875747926955227,0.026312266796028657,0.14148105881961726,0.4104900033928261,0.02226652222469262,4.6023663856311465
2018-05-18T09:30:00,0.21869195644763187,0.02707522305206985,0.16967973590855256,0.3497172624468458,0.06924476280443612,5.993171754672818
2018-05-18T10:00:00,0.11299138348785287,0.021574946786776895,0.19654738226242255,0.20777917774646265,0.019171692049242937,5.343146774071118
2018-05-18T10:30:00,0.020304198824191592,0.015075496225805333,0.15077295477237165,0.16508092593284093,0.020407900997115775,3.7992618154998126
2018-05-18T11:00:00,NaN,0.014212389298391666,0.12709190614109003,0.16880111510384185,0.02090968493735125,4.289477932396572
2018-05-18T11:30:00,0.06939880220341185,0.012112784847215534,0.1454833143625015,0.17161177549070183,0.02193892355755494,3.801833313032874
2018-05-18T12:00:00,0.1194418946879205,0.022557490423113367,0.1607142935285452,0.15037566481295075,0.024740012045492595,3.488935240622063
2018-05-18T12:30:00,0.5404292805742336,0.031603163436633525,0.20679937596207823,0.14303053097178692,0.05033306827126312,4.420427022653628
2018-05-18T13:00:00,0.7607725908357941,0.00788081281862625,0.1781502376756165,0.16817647337753874,0.032275754947742714,4.043398226544846
2018-05-18T13:30:00,0.4888276521766588,0.015391512283850923,0.1948449405531751,0.1606654708325644,0.043048086983703826,4.337455988171902
2018-05-18T14:00:00,0.29440570531675864,0.025454049277130644,0.20755489338513228,0.16652759175595527,0.03314177117197078,4.281995503346726
2018-05-18T14:30:00,0.25860362386173413,0.00880788372727903,0.19458263000154935,0.18580682939244245,0.038324149431447775,4.256858808032726
2018-05-18T15:00:00,0.19518715570787748,0.011630923801675823,0.20727111263619633,0.18122890581324044,0.04390274127781614,4.548431649657533
2018-05-18T15:30:00,0.2678124106824803,0.023009810728164035,0.1794338866578736,0.20869911997303084,0.04090969713400458,4.602369211178334
2018-05-18T16:00:00,0.21578392472507768,0.023503880660401568,0.23343082664338613,0.21788492536022455,0.02731386890569854,5.151361301220325
2018-05-18T16:30:00,NaN,0.014244639417414148,0.08481040561478169,0.11861769149719398,0.01899877839398996,2.6337912430822286
2018-05-18T17:00:00,NaN,0.0067503714758833855,0.14075967572988576,0.1447224058862725,0.048468354559581296,3.600806196036095
2018-05-18T17:30:00,NaN,0.007195342853571864,0.1972485569169861,0.24271916525526413,0.04830385407114523,4.775890725813126
2018-05-18T18:00:00,5.86790443789979e-6,0.008280160130130292,0.1610511186817248,0.20880780830454782,0.04156037244498345,4.828644016486412
2018-05-18T18:30:00,0.085378727307855,0.011186391730581544,0.11883846397264226,0.23569595648034541,0.020315828610102667,4.607436897566256
2018-05-18T19:00:00,0.08335522864956396,0.011179776954461875,0.10599865679103404,0.20698351455813016,0.01937899155975061,4.773123198917691
2018-05-18T19:30:00,0.05534518811116311,0.016370001765485146,0.09996042756188352,0.21827757638652806,0.02049334333572078,5.196920956298073
2018-05-18T20:00:00,0.06466689024257379,0.01346900041666463,0.08935427376879465,0.21347354805271626,0.02128761743595565,4.968289701432352
2018-05-18T20:30:00,0.10404924890789394,0.018267193405355354,0.1297416584440173,0.20577228769502584,0.022487442920457307,4.695024671740263
2018-05-18T21:00:00,0.1526315236659637,0.016343886325442814,0.11221918818050136,0.1439706133289545,0.02621151107445861,3.626270156928906
2018-05-18T21:30:00,0.17042124308666418,0.013447705054007025,0.13310247261260102,0.15155014431532593,0.014542820662956034,3.3401857195032254
2018-05-18T22:00:00,0.06100210892716641,0.007614096187574725,0.08149481654073498,0.1891988150947232,0.025229457888726187,4.2717645570758975
2018-05-18T22:30:00,NaN,0.006306870755347739,0.07530168725754174,0.2086012902020356,0.027311368506849523,5.110584353544461
2018-05-18T23:00:00,NaN,0.018990855317345453,0.08977446723823196,0.19699946805275054,0.02390213997558846,5.2771757887745565
2018-05-18T23:30:00,NaN,0.010032809179262818,0.05920230538192492,0.15253804710071212,0.01737869146873928,4.072092392330144
2018-05-19T00:00:00,NaN,0.008523563898966921,0.0860426992335381,0.18528831515058014,0.013484227695262538,4.669797480707968
2018-05-19T00:30:00,0.04120404389997327,0.016757766551874893,0.07798508633557934,0.17577326176800248,0.02773125493797205,4.807432804246583
2018-05-19T01:00:00,NaN,0.0166504933812541,0.08638737365090157,0.19102254045681977,0.01641490340248358,5.12988162545636
2018-05-19T01:30:00,NaN,0.004794267131102532,0.07706135712154959,0.16541438343556794,0.017834991879848418,4.899425849921731
2018-05-19T02:00:00,NaN,0.021131626999891434,0.07448118776246787,0.16475537591044342,0.014871701109361011,4.827241461072712
2018-05-19T02:30:00,NaN,0.011712704112113708,0.07526456555983425,0.12762105828676942,0.013503877642108995,3.3131341517827386
2018-05-19T03:00:00,NaN,0.012885897069975078,0.0945678543025558,0.11734893194837753,0.0162609452153627,2.65325119267077
2018-05-19T03:30:00,NaN,0.012042572176693644,0.10177962740140215,0.16828691769653312,0.02889601202298819,2.946018922316874
2018-05-19T04:00:00,0.015994217117894827,0.01560293443342118,0.1277834396886813,0.15931438826289623,0.016551189851941088,2.6960240555838255
2018-05-19T04:30:00,0.028115754653875277,0.02071908673203628,0.08658807244310858,0.1495050970662976,0.02190289819381117,2.7645538649586627
2018-05-19T05:00:00,0.005493068592402196,0.021096961776405472,0.09667199756646386,0.1508736059154524,0.01672630616378267,2.907525928492622
2018-05-19T05:30:00,0.02409584366980187,0.015085990193676813,0.06445997480021451,0.07234643758133537,0.015431738066839873,1.972992895289467
2018-05-19T06:00:00,0.014354789107749441,0.008247769328821585,0.030583809391025858,0.07368708248905484,0.004607903239116846,1.5360424908986103
2018-05-19T06:30:00,NaN,0.016999786846870712,0.04778862195830416,0.06795942259557383,0.004968540224653232,2.11287252393394
2018-05-19T07:00:00,NaN,0.01446100761974824,0.06655504449039137,0.08190758430107432,0.005342968018694121,2.4885294437815704
2018-05-19T07:30:00,NaN,0.011931559938408616,0.0852524890943596,0.09580447809475684,0.005716019564629174,2.8628055977442615
2018-05-19T08:00:00,NaN,0.009811378507185135,0.03342733255064264,0.14042230502971878,0.013525577775926617,3.0399677872328588
2018-05-19T08:30:00,NaN,0.009326083620063009,0.06918572951309865,0.07820605313986381,0.006607178780533726,3.069570077734175
2018-05-19T09:00:00,NaN,0.008288215136160204,0.04628902808892271,0.07098594977411636,0.014694991748649003,3.3497386793194583
2018-05-19T09:30:00,NaN,0.01489179575073827,0.0555973625190412,0.06613662977358653,0.01715516362679904,3.4011585897431997
2018-05-19T10:00:00,NaN,0.011349753136148034,0.07111308766540822,0.08647489132059356,0.012275170694890494,3.0624210053372907
2018-05-19T10:30:00,NaN,0.018260133905668316,0.06213599371007531,0.0812225006393398,0.015778942100356363,3.069420349862484
2018-05-19T11:00:00,NaN,0.004853459226509873,0.06113226289311871,0.09983736491892192,0.009560675104110846,3.0858302889756395
2018-05-19T11:30:00,NaN,0.012388419972397667,0.09343961394740814,0.10511011415855831,0.01811577918688667,4.345000026872326
2018-05-19T12:00:00,NaN,0.013515834204066764,0.07062901745936916,0.12809984738693292,0.026600706169643027,5.656561104012173
2018-05-19T12:30:00,NaN,0.011959516952254976,0.0666432421703136,0.24696628405161142,0.02265546422104303,7.56285884002181
2018-05-19T13:00:00,NaN,0.011219489490687557,0.08702442684048085,0.26373042241066,0.018627249796224103,7.4833273896542165
2018-05-19T13:30:00,NaN,0.00844568507847828,0.09462081256656632,0.2070860278385358,0.04045832117320878,7.065473269647979
2018-05-19T14:00:00,NaN,0.022689554770439713,0.10781146824929624,0.2410300919785472,0.035290709488876595,6.402877152683908
2018-05-19T14:30:00,NaN,0.008585183724350014,0.06910216793244123,0.23228554487900885,0.04639052488070806,6.307172355384268
2018-05-19T15:00:00,NaN,0.008283742191037521,0.05177491806725422,0.2100416994692851,0.026764115343090863,6.5102524905568675
2018-05-19T15:30:00,NaN,-0.0012495497324289972,0.06539087948117195,0.19062535780575215,0.03449044370934463,6.193446770673389
2018-05-19T16:00:00,NaN,0.014960072343275245,0.06628166981853839,0.18081818649855558,0.01796438427429662,6.108256456074026
2018-05-19T16:30:00,NaN,0.021527512806110857,0.06517125944417557,0.18465115297788404,0.02403772889968928,6.475506409052282
2018-05-19T17:00:00,NaN,0.010751675224327264,0.05171864559851456,0.17061837600386545,0.02467615556495762,6.471177094673392
2018-05-19T17:30:00,NaN,0.0020827972596088895,0.043859756696550185,0.1826621190897872,0.019694405841066482,6.6161482986317495
2018-05-19T18:00:00,NaN,0.004799717139715483,0.04579168255299268,0.2201505868933227,0.025634383966304828,6.748411632794122
2018-05-19T18:30:00,NaN,0.007489170251042011,0.05187353950413727,0.2057821525151439,0.021582910349651343,6.364836619191538
2018-05-19T19:00:00,NaN,0.01738603460673137,0.06283244058789725,0.2502330892468425,0.017522862017991078,6.58385940274949
2018-05-19T19:30:00,NaN,0.012258697487392698,0.06088892966492252,0.2244875692351683,0.017157317532541308,7.3196216657733055
2018-05-19T20:00:00,NaN,0.006969493294638492,0.0438121443636792,0.21309632341097542,0.013679331003492005,8.146265553744362
2018-05-19T20:30:00,NaN,0.004444001824770113,0.06424496557856721,0.18823015792654008,0.033206990873014514,7.511861464879867
2018-05-19T21:00:00,NaN,0.011232163805767333,0.07647464048433643,0.16141225809324797,0.013404480056901131,5.179300961893163
2018-05-19T21:30:00,NaN,0.008190163664966789,0.07165619846042158,0.13974036023672962,0.023445395381223248,3.971454463420551
2018-05-19T22:00:00,NaN,0.01818355244897488,0.07339855686909644,0.11449614743645987,0.016772352704498603,4.4955765275724024
2018-05-19T22:30:00,NaN,0.010827368450860523,0.07912949377858715,0.12641153305631633,0.021735871257711484,4.2971779564162
2018-05-19T23:00:00,NaN,0.015113337013434567,0.08593400418922148,0.13700585752130442,0.029832782170829346,4.287961421701752
2018-05-19T23:30:00,NaN,0.018368266886492877,0.07564173134929754,0.16657756275899593,0.007566268273587996,3.7137657285332004
2018-05-20T00:00:00,0.06677727238062287,0.016262775320067615,0.07699117441418209,0.17917977601779125,0.025408678455855177,3.181898866227569
2018-05-20T00:30:00,0.008400456522549097,0.007229695896272697,0.09157497776036246,0.199760709024588,0.036067479813573604,3.2551548885111092
2018-05-20T01:00:00,NaN,-0.0017721880949941604,0.10610841643775779,0.2202705664793104,0.04668947136336442,3.3281579236135106
2018-05-20T01:30:00,0.4458284115147479,0.009095454404263037,0.15939091233834501,0.25523699802806454,0.0310091815335776,2.652100312936933
2018-05-20T02:00:00,0.908529032894532,0.028817084448365022,0.18746648143047503,0.3395641295476061,0.01625134455190145,2.496066678079072
2018-05-20T02:30:00,0.9039343998844425,0.022099713785034777,0.16689796222339603,0.3544008128050413,0.03202328386362481,2.724577099122996
2018-05-20T03:00:00,0.6552429490780372,0.019975871979399838,0.1961976162362603,0.32438051580354416,0.02435968595003393,2.790127810135991
2018-05-20T03:30:00,0.5015847316715843,0.02327556115722511,0.17488564335327775,0.3402238950637729,0.026575819935877508,2.7041691014515234
2018-05-20T04:00:00,0.5702448255971007,0.008232237459926656,0.17084314554182628,0.3556537030016018,0.04258387315695199,2.5007737292359544
2018-05-20T04:30:00,0.5019478934591508,0.022645545601787612,0.18291327199925714,0.3934968065314529,0.04408205835792811,2.8746104520096267
2018-05-20T05:00:00,0.3337154075138018,0.018732084788224437,0.13894009729875115,0.37632678374986306,0.020274698081014567,3.162783402497015
2018-05-20T05:30:00,0.4001504912741236,0.015824007193290503,0.181019857113934,0.3488227325874186,0.03127987582533297,2.899502257888234
2018-05-20T06:00:00,0.47481165459026486,0.010217245042590108,0.18712254925985725,0.3710815810130613,0.022178946698806414,2.9345741705913095
2018-05-20T06:30:00,0.3217161624645211,0.019243442767338734,0.09981782797550458,0.37494315016063545,0.024369347944865807,3.3086508994586454
2018-05-20T07:00:00,0.45411641359564436,0.022407708219819744,0.21824931554829105,0.3728472269422258,0.02935022433761593,2.6341011080789123
2018-05-20T07:30:00,0.3490444840474967,0.01754298360847319,0.13545769733104177,0.33227553900580825,0.0178296665898778,2.9062822007311366
2018-05-20T08:00:00,0.24178725967035192,0.02149750729261952,0.15394718205033897,0.3398045132905841,0.019409591423112632,3.061761659134702
2018-05-20T08:30:00,0.09302606378831707,0.022065872342943847,0.13784261386614752,0.26192922855438694,0.03713470622356949,2.8961123285288384
2018-05-20T09:00:00,0.22993065344824234,0.024844730636040504,0.14619055812865073,0.21422513079405892,0.04234382772131142,2.2140217978127716
2018-05-20T09:30:00,0.3240609541959571,0.01750175042757225,0.18007664576672866,0.2166014639842665,0.03162721891205471,2.2246921183658874
2018-05-20T10:00:00,0.03748738623888076,0.02153613453173635,0.11078845559989225,0.21760100028082457,0.03431980432039481,2.983541280288071
2018-05-20T10:30:00,0.06078287337417881,0.013353327711230783,0.05366502412461315,0.17819264318048642,0.03454621639575804,2.9226092048656285
2018-05-20T11:00:00,0.0769403349387291,0.005853373034766041,0.08031581446738573,0.16669539790634524,0.016903874463142125,2.898273453682781
2018-05-20T11:30:00,0.1136392898145501,0.015559290130578225,0.09035786931432267,0.14022739580408144,0.02641685297277055,3.158534384835485
2018-05-20T12:00:00,NaN,0.012638936515014493,0.05751742349220938,0.1655721188269203,0.02410219157702238,3.2383953669504097
2018-05-20T12:30:00,0.0060181291660188815,0.010126448158917724,0.09033765482126441,0.17669124836413685,0.029075631562671057,3.44346581121131
2018-05-20T13:00:00,NaN,0.011832316707272073,0.12581400422809136,0.1575062423060982,0.030292526169855852,3.5249345697630554
2018-05-20T13:30:00,0.21398997371855438,0.009274510811330999,0.09805160181973162,0.15982443920337847,0.02587877805643036,3.407694675466746
2018-05-20T14:00:00,0.08132076221977481,0.013791545597206582,0.06823561128181618,0.19274581993129591,0.039181615126924536,3.528315408649814
2018-05-20T14:30:00,0.16515409187502184,0.009251349475419973,0.08743359880615786,0.2076650055448916,0.04266566202165603,3.667136988647678
2018-05-20T15:00:00,0.07824102400321074,0.01853098348409949,0.11874932448816762,0.2223026123414946,0.028822385015200028,3.92295800384722
2018-05-20T15:30:00,0.010722440715029669,0.010744779212190648,0.13732252041770476,0.22672441943136992,0.052678925161780306,3.8032064980647036
2018-05-20T16:00:00,0.09675134870976516,0.014509919509295791,0.19734894831959746,0.279890971990825,0.03898273114963097,4.149344118898897
2018-05-20T16:30:00,0.07692963677114585,0.09681778229709895,0.1838952673536393,0.3534036952070698,0.048543858478044086,4.808507023369279
2018-05-20T17:00:00,0.20848941375448785,0.04030602094917059,0.1561024923085961,0.2343869021357821,0.045383742284553504,3.8007074813577426
2018-05-20T17:30:00,0.4600490980588841,0.004641859185348926,0.16325616773194623,0.2548265600976469,0.04818699600629732,3.4907641176425903
2018-05-20T18:00:00,0.050198224382793796,0.007134125916447875,0.13107124037597473,0.2116893824250014,0.018193904646424647,3.2672003457325025
2018-05-20T18:30:00,0.15575208666494086,0.018761055352884932,0.07877694834743511,0.17942062887540164,0.018653035872147495,3.081722461820123
2018-05-20T19:00:00,NaN,0.018186532815876094,0.04447375619261603,0.19507120514173135,0.01806314036728051,4.081017896139391
2018-05-20T19:30:00,NaN,0.006072580599960369,0.044697504505647884,0.18588478270455153,0.00909674106315749,5.016412235077936
2018-05-20T20:00:00,NaN,0.008799092997897193,0.09643295174861549,0.22653135768382776,0.02990909996691648,5.301624057541512
2018-05-20T20:30:00,NaN,0.010927130689722675,0.07047427237777987,0.15871452487474466,0.03378969072103295,5.5646217300793674
2018-05-20T21:00:00,NaN,0.020120286077114972,0.06782403509584485,0.1827974212767349,0.02358135148743723,4.923483645142482
2018-05-20T21:30:00,NaN,0.018825357458532952,0.07817060207658295,0.18043065779384335,0.014234974276975749,5.156995477273084
2018-05-20T22:00:00,NaN,0.011425611020431305,0.09702616109702993,0.1555471804970056,0.012525520308226656,5.247108334224841
2018-05-20T22:30:00,NaN,0.007394290223224328,0.08564847004274151,0.2278822821764869,0.028826965299333207,5.227151300558648
2018-05-20T23:00:00,NaN,0.014134655839297938,0.077058845258835,0.17667774194227587,0.00733854180900348,4.705884903279938
2018-05-20T23:30:00,NaN,0.0058565281727813645,0.06847175899226664,0.22018296612324476,0.013879830409991554,6.160497922834962
2018-05-21T00:00:00,NaN,0.00975731112664376,0.056030290867861286,0.15687615103561106,0.022374752653943987,4.853715264030286
2018-05-21T00:30:00,NaN,0.009844939280446068,0.08860564398819094,0.13221459049579087,0.015245395752239238,3.3165284416279572
2018-05-21T01:00:00,NaN,0.010678692020299202,0.11965931117962779,0.0998319435641553,0.018701212236586738,2.91190964803785
2018-05-21T01:30:00,NaN,0.014875498742227827,0.09224067859336374,0.11740840890603965,0.013054257261518614,3.160939712375363
2018-05-21T02:00:00,NaN,0.009158335988620635,0.06087293794881315,0.09687547039514931,0.013637460608656882,3.3262703601239583
2018-05-21T02:30:00,NaN,0.009686486019549172,0.051994977377194954,0.11733947760656094,0.014399703631863586,3.4636913882489986
2018-05-21T03:00:00,NaN,0.011119634085522906,0.038246895993026914,0.11515179958201456,0.014989966723077631,3.8904934087050123
2018-05-21T03:30:00,NaN,0.01261984286854994,0.05467416500939916,0.11100531123356512,0.013548997712761236,4.095978485401691
2018-05-21T04:00:00,NaN,0.010123731217519878,0.054338062705271244,0.11130833740449109,0.01115086890462431,4.3265939504612625
2018-05-21T04:30:00,NaN,0.01081623188605365,0.04042892237618588,0.11736855010002611,0.013088075397439808,4.522833529475424
2018-05-21T05:00:00,NaN,0.014138016101411296,0.04764925055066099,0.11149064858591554,0.004564845431428766,4.677234042393101
2018-05-21T05:30:00,NaN,0.01076283422794187,0.042893030093686696,0.12209653740772547,0.012721812523120544,4.5603069205523665
2018-05-21T06:00:00,NaN,0.0016889270323313112,0.045313549297408336,0.099548649200724,0.014438252444514374,4.265658890538547
2018-05-21T06:30:00,NaN,0.012622655382794525,0.0466296593681102,0.10005138757188527,0.007459897603182902,4.163075338479153
2018-05-21T07:00:00,NaN,0.002258573944879888,0.039370930514962266,0.10210341281055023,0.006144988478639848,4.700544967827377
2018-05-21T07:30:00,NaN,0.00720935401719983,0.04878059896546684,0.13336460138303383,0.01362296788898214,5.14344635277566
2018-05-21T08:00:00,NaN,0.0008643958914793283,0.047327951300452864,0.10752991399189467,0.014914293148621725,4.991633731118391
2018-05-21T08:30:00,NaN,0.008919669996086458,0.044301021150716116,0.08123022550244101,0.005309721161829173,4.63122801525757
2018-05-21T09:00:00,NaN,0.010081687424304615,0.05550801171395663,0.10697988656804058,0.018262588080809362,4.393124209410365
2018-05-21T09:30:00,NaN,0.011335940454825971,0.0874098468791119,0.180343100654434,0.07037526990654902,6.929397145776007
2018-05-21T10:00:00,NaN,0.02313560312598133,0.09013535327958451,0.39370036501376915,0.19747486358860092,13.125859308141784
2018-05-21T10:30:00,NaN,0.017482732363506715,0.09333437168672917,0.17354472708185395,0.08687651881904479,6.400878799725567
2018-05-21T11:00:00,NaN,0.01381908019736087,0.043850223955244065,0.08197356381590268,0.042567776898417266,3.5938999612269904
2018-05-21T11:30:00,NaN,0.008847772604584062,0.05069274264681349,0.12752735846341545,0.03963569493645452,10.625064193937572
2018-05-21T12:00:00,0.17554898484395018,0.00993173298320788,0.07670405093245623,0.1656870435428728,0.05053808542888196,8.891524617599478
2018-05-21T12:30:00,0.37022366848576177,0.011012358757498833,0.10263534022199619,0.20372933738394552,0.06140693672625067,7.163317956279709
2018-05-21T13:00:00,0.43180742555123813,0.011211512220864545,0.12771092361136555,0.2211586999480159,0.06610486945851825,5.787627204641631
2018-05-21T13:30:00,0.12464208253256058,0.008967266366098802,0.1505508227186152,0.18151995695750855,0.05371540547769055,5.381994735441366
2018-05-21T14:00:00,0.4405256595293899,0.017861781085657977,0.12478939584036268,0.2249735075835155,0.07522104753168984,4.787516811208056
2018-05-21T14:30:00,0.28150947968600926,0.011386884413871382,0.11599252551825488,0.19182451664255112,0.06312817513030768,4.192263610727398
2018-05-21T15:00:00,0.36539534243390936,0.007848804318217049,0.1106735532792664,0.19191082723161254,0.05651052468662661,4.237857252620507
2018-05-21T15:30:00,0.3046900941160658,0.010941684626410354,0.08074934093205267,0.16340887293620093,0.04693112912451248,4.101387029628711
2018-05-21T16:00:00,0.4079211759337644,0.01276076718953377,0.11356357086556718,0.17578827085734713,0.0442818157126527,4.137914086299457
2018-05-21T16:30:00,0.38878505586706097,0.0032766782006089837,0.10504151696354008,0.20810913313458726,0.047790711442123435,4.298641445821956
2018-05-21T17:00:00,0.052082691493342284,0.009582878185630283,0.10755710050238709,0.17281647916650503,0.04259571816968938,4.26614115780759
2018-05-21T17:30:00,0.024317685484968304,0.00416856944645591,0.08289229152409783,0.20020544406093527,0.04113778629889101,4.384072249028587
2018-05-21T18:00:00,0.26501869604991996,0.011035388501720336,0.06236116764033917,0.18960813967058526,0.03877397376347269,4.361266082771392
2018-05-21T18:30:00,0.28063888543487286,0.008330721661400519,0.03183454609789549,0.16004907988628514,0.03338869264390969,4.222016611975074
2018-05-21T19:00:00,0.0342730883078313,0.003614112712299468,0.04011034884713733,0.175925902764519,0.026249106713764167,4.468583457908713
2018-05-21T19:30:00,NaN,0.007629217763661734,0.04497960270778315,0.1721063933908396,0.017786365012682347,4.717300944442863
2018-05-21T20:00:00,NaN,0.009655634269964755,0.05400440693103888,0.15796300576140246,0.02573082142698815,4.46911573306096
2018-05-21T20:30:00,NaN,0.010257807576848396,0.045017133523332864,0.14771485106882049,0.026138667632280656,3.996706476881111
2018-05-21T21:00:00,0.050770773790550054,0.0061778571926251824,0.05720133481286771,0.15310603839836548,0.03172337997348297,4.058714079818277
2018-05-21T21:30:00,0.10059866993492228,0.007043508860323641,0.054209037383280825,0.12359775208630064,0.01503183338656059,3.743753014340725
2018-05-21T22:00:00,0.130115807124286,0.007964501383739454,0.051926898735911935,0.14044491614576637,0.02648510576450281,4.0034763037680605
2018-05-21T22:30:00,0.022599696604010337,0.009487742271512365,0.038678524578462485,0.13615727530535354,0.027525591509180297,3.8079392392304707
2018-05-21T23:00:00,0.034648082572831765,0.006828095303300684,0.04241108072249091,0.15072311825853407,0.02721589480303848,3.976921692709222
2018-05-21T23:30:00,0.07319748962822825,0.01380877867236461,0.058926082602453474,0.16372464040449863,0.023602356876940917,4.23506291649284
2018-05-22T00:00:00,0.08665251899414343,0.006179727452962358,0.05189276675804394,0.13853890408512254,0.02154256534453367,3.606031329762924
